seed,auth,arrival_rate,interarrival_a,avg_service_a,avg_population_a,utilization_a,completion_a,interarrival_b,avg_service_b,avg_population_b,utilization_b,completion_b,interarrival_p,avg_service_p,avg_population_p,utilization_p,completion_p,avg_response_time,avg_population
123456789,1,0.5,0.2782672889562842,1.3682160031487534,4.916771181109736,0.8341194809813989,310491,0.8348018668688527,17.83016202423757,21.357940216441424,0.9578416470890474,103497,0.8348018668688527,0.7543187163379533,0.9035640857210747,0.47636730457489457,103497,19.952696743724275,27.178275483272234
123456789,1,0.55,0.2782672889562842,1.3682160031487534,4.916771181109736,0.8341194809813989,310491,0.8348018668688527,17.83016202423757,21.357940216441424,0.9578416470890474,103497,0.8348018668688527,0.7543187163379533,0.9035640857210747,0.47636730457489457,103497,19.952696743724275,27.178275483272234
123456789,1,0.6,0.2782672889562842,1.3682160031487534,4.916771181109736,0.8341194809813989,310491,0.8348018668688527,17.83016202423757,21.357940216441424,0.9578416470890474,103497,0.8348018668688527,0.7543187163379533,0.9035640857210747,0.47636730457489457,103497,19.952696743724275,27.178275483272234
123456789,1,0.65,0.2782672889562842,1.3682160031487534,4.916771181109736,0.8341194809813989,310491,0.8348018668688527,17.83016202423757,21.357940216441424,0.9578416470890474,103497,0.8348018668688527,0.7543187163379533,0.9035640857210747,0.47636730457489457,103497,19.952696743724275,27.178275483272234
123456789,1,0.7,0.2782672889562842,1.3682160031487534,4.916771181109736,0.8341194809813989,310491,0.8348018668688527,17.83016202423757,21.357940216441424,0.9578416470890474,103497,0.8348018668688527,0.7543187163379533,0.9035640857210747,0.47636730457489457,103497,19.952696743724275,27.178275483272234
123456789,1,0.75,0.2782672889562842,1.3682160031487534,4.916771181109736,0.8341194809813989,310491,0.8348018668688527,17.83016202423757,21.357940216441424,0.9578416470890474,103497,0.8348018668688527,0.7543187163379533,0.9035640857210747,0.47636730457489457,103497,19.952696743724275,27.178275483272234
123456789,1,0.8,0.2782672889562842,1.3682160031487534,4.916771181109736,0.8341194809813989,310491,0.8348018668688527,17.83016202423757,21.357940216441424,0.9578416470890474,103497,0.8348018668688527,0.7543187163379533,0.9035640857210747,0.47636730457489457,103497,19.952696743724275,27.178275483272234
123456789,1,0.85,0.2782672889562842,1.3682160031487534,4.916771181109736,0.8341194809813989,310491,0.8348018668688527,17.83016202423757,21.357940216441424,0.9578416470890474,103497,0.8348018668688527,0.7543187163379533,0.9035640857210747,0.47636730457489457,103497,19.952696743724275,27.178275483272234
123456789,1,0.9,0.2782672889562842,1.3682160031487534,4.916771181109736,0.8341194809813989,310491,0.8348018668688527,17.83016202423757,21.357940216441424,0.9578416470890474,103497,0.8348018668688527,0.7543187163379533,0.9035640857210747,0.47636730457489457,103497,19.952696743724275,27.178275483272234
123456789,1,0.95,0.2782672889562842,1.3682160031487534,4.916771181109736,0.8341194809813989,310491,0.8348018668688527,17.83016202423757,21.357940216441424,0.9578416470890474,103497,0.8348018668688527,0.7543187163379533,0.9035640857210747,0.47636730457489457,103497,19.952696743724275,27.178275483272234
123456789,1,1.0,0.2782672889562842,1.3682160031487534,4.916771181109736,0.8341194809813989,310491,0.8348018668688527,17.83016202423757,21.357940216441424,0.9578416470890474,103497,0.8348018668688527,0.7543187163379533,0.9035640857210747,0.47636730457489457,103497,19.952696743724275,27.178275483272234
123456789,1,1.05,0.2782672889562842,1.3682160031487534,4.916771181109736,0.8341194809813989,310491,0.8348018668688527,17.83016202423757,21.357940216441424,0.9578416470890474,103497,0.8348018668688527,0.7543187163379533,0.9035640857210747,0.47636730457489457,103497,19.952696743724275,27.178275483272234
123456789,1,1.1,0.2782672889562842,1.3682160031487534,4.916771181109736,0.8341194809813989,310491,0.8348018668688527,17.83016202423757,21.357940216441424,0.9578416470890474,103497,0.8348018668688527,0.7543187163379533,0.9035640857210747,0.47636730457489457,103497,19.952696743724275,27.178275483272234
123456789,1,1.15,0.2782672889562842,1.3682160031487534,4.916771181109736,0.8341194809813989,310491,0.8348018668688527,17.83016202423757,21.357940216441424,0.9578416470890474,103497,0.8348018668688527,0.7543187163379533,0.9035640857210747,0.47636730457489457,103497,19.952696743724275,27.178275483272234
123456789,1,1.2,0.2782672889562842,1.3682160031487534,4.916771181109736,0.8341194809813989,310491,0.8348018668688527,17.83016202423757,21.357940216441424,0.9578416470890474,103497,0.8348018668688527,0.7543187163379533,0.9035640857210747,0.47636730457489457,103497,19.952696743724275,27.178275483272234
987654321,1,0.5,0.2780373090206908,1.4168422865334311,5.0897939226731,0.8383027441088952,310749,0.8341119270620724,26.124712423470996,31.283040177534403,0.9565151177622456,103583,0.8341119270620724,0.7660005983006324,0.9172475127850732,0.47823043901021234,103583,28.30755530830506,37.29008161299258
987654321,1,0.55,0.2780373090206908,1.4168422865334311,5.0897939226731,0.8383027441088952,310749,0.8341119270620724,26.124712423470996,31.283040177534403,0.9565151177622456,103583,0.8341119270620724,0.7660005983006324,0.9172475127850732,0.47823043901021234,103583,28.30755530830506,37.29008161299258
987654321,1,0.6,0.2780373090206908,1.4168422865334311,5.0897939226731,0.8383027441088952,310749,0.8341119270620724,26.124712423470996,31.283040177534403,0.9565151177622456,103583,0.8341119270620724,0.7660005983006324,0.9172475127850732,0.47823043901021234,103583,28.30755530830506,37.29008161299258
987654321,1,0.65,0.2780373090206908,1.4168422865334311,5.0897939226731,0.8383027441088952,310749,0.8341119270620724,26.124712423470996,31.283040177534403,0.9565151177622456,103583,0.8341119270620724,0.7660005983006324,0.9172475127850732,0.47823043901021234,103583,28.30755530830506,37.29008161299258
987654321,1,0.7,0.2780373090206908,1.4168422865334311,5.0897939226731,0.8383027441088952,310749,0.8341119270620724,26.124712423470996,31.283040177534403,0.9565151177622456,103583,0.8341119270620724,0.7660005983006324,0.9172475127850732,0.47823043901021234,103583,28.30755530830506,37.29008161299258
987654321,1,0.75,0.2780373090206908,1.4168422865334311,5.0897939226731,0.8383027441088952,310749,0.8341119270620724,26.124712423470996,31.283040177534403,0.9565151177622456,103583,0.8341119270620724,0.7660005983006324,0.9172475127850732,0.47823043901021234,103583,28.30755530830506,37.29008161299258
987654321,1,0.8,0.2780373090206908,1.4168422865334311,5.0897939226731,0.8383027441088952,310749,0.8341119270620724,26.124712423470996,31.283040177534403,0.9565151177622456,103583,0.8341119270620724,0.7660005983006324,0.9172475127850732,0.47823043901021234,103583,28.30755530830506,37.29008161299258
987654321,1,0.85,0.2780373090206908,1.4168422865334311,5.0897939226731,0.8383027441088952,310749,0.8341119270620724,26.124712423470996,31.283040177534403,0.9565151177622456,103583,0.8341119270620724,0.7660005983006324,0.9172475127850732,0.47823043901021234,103583,28.30755530830506,37.29008161299258
987654321,1,0.9,0.2780373090206908,1.4168422865334311,5.0897939226731,0.8383027441088952,310749,0.8341119270620724,26.124712423470996,31.283040177534403,0.9565151177622456,103583,0.8341119270620724,0.7660005983006324,0.9172475127850732,0.47823043901021234,103583,28.30755530830506,37.29008161299258
987654321,1,0.95,0.2780373090206908,1.4168422865334311,5.0897939226731,0.8383027441088952,310749,0.8341119270620724,26.124712423470996,31.283040177534403,0.9565151177622456,103583,0.8341119270620724,0.7660005983006324,0.9172475127850732,0.47823043901021234,103583,28.30755530830506,37.29008161299258
987654321,1,1.0,0.2780373090206908,1.4168422865334311,5.0897939226731,0.8383027441088952,310749,0.8341119270620724,26.124712423470996,31.283040177534403,0.9565151177622456,103583,0.8341119270620724,0.7660005983006324,0.9172475127850732,0.47823043901021234,103583,28.30755530830506,37.29008161299258
987654321,1,1.05,0.2780373090206908,1.4168422865334311,5.0897939226731,0.8383027441088952,310749,0.8341119270620724,26.124712423470996,31.283040177534403,0.9565151177622456,103583,0.8341119270620724,0.7660005983006324,0.9172475127850732,0.47823043901021234,103583,28.30755530830506,37.29008161299258
987654321,1,1.1,0.2780373090206908,1.4168422865334311,5.0897939226731,0.8383027441088952,310749,0.8341119270620724,26.124712423470996,31.283040177534403,0.9565151177622456,103583,0.8341119270620724,0.7660005983006324,0.9172475127850732,0.47823043901021234,103583,28.30755530830506,37.29008161299258
987654321,1,1.15,0.2780373090206908,1.4168422865334311,5.0897939226731,0.8383027441088952,310749,0.8341119270620724,26.124712423470996,31.283040177534403,0.9565151177622456,103583,0.8341119270620724,0.7660005983006324,0.9172475127850732,0.47823043901021234,103583,28.30755530830506,37.29008161299258
987654321,1,1.2,0.2780373090206908,1.4168422865334311,5.0897939226731,0.8383027441088952,310749,0.8341119270620724,26.124712423470996,31.283040177534403,0.9565151177622456,103583,0.8341119270620724,0.7660005983006324,0.9172475127850732,0.47823043901021234,103583,28.30755530830506,37.29008161299258
1593574826,1,0.5,0.27659465709631015,1.4558902868823331,5.2626196418595095,0.8425927716798048,312363,0.8297839712889303,19.11934289399481,23.036953255786134,0.9624196407480026,104121,0.8297839712889303,0.7681046888596348,0.9254916296504789,0.4816207025261223,104121,21.343337869736775,29.225064527296123
1593574826,1,0.55,0.27659465709631015,1.4558902868823331,5.2626196418595095,0.8425927716798048,312363,0.8297839712889303,19.11934289399481,23.036953255786134,0.9624196407480026,104121,0.8297839712889303,0.7681046888596348,0.9254916296504789,0.4816207025261223,104121,21.343337869736775,29.225064527296123
1593574826,1,0.6,0.27659465709631015,1.4558902868823331,5.2626196418595095,0.8425927716798048,312363,0.8297839712889303,19.11934289399481,23.036953255786134,0.9624196407480026,104121,0.8297839712889303,0.7681046888596348,0.9254916296504789,0.4816207025261223,104121,21.343337869736775,29.225064527296123
1593574826,1,0.65,0.27659465709631015,1.4558902868823331,5.2626196418595095,0.8425927716798048,312363,0.8297839712889303,19.11934289399481,23.036953255786134,0.9624196407480026,104121,0.8297839712889303,0.7681046888596348,0.9254916296504789,0.4816207025261223,104121,21.343337869736775,29.225064527296123
1593574826,1,0.7,0.27659465709631015,1.4558902868823331,5.2626196418595095,0.8425927716798048,312363,0.8297839712889303,19.11934289399481,23.036953255786134,0.9624196407480026,104121,0.8297839712889303,0.7681046888596348,0.9254916296504789,0.4816207025261223,104121,21.343337869736775,29.225064527296123
1593574826,1,0.75,0.27659465709631015,1.4558902868823331,5.2626196418595095,0.8425927716798048,312363,0.8297839712889303,19.11934289399481,23.036953255786134,0.9624196407480026,104121,0.8297839712889303,0.7681046888596348,0.9254916296504789,0.4816207025261223,104121,21.343337869736775,29.225064527296123
1593574826,1,0.8,0.27659465709631015,1.4558902868823331,5.2626196418595095,0.8425927716798048,312363,0.8297839712889303,19.11934289399481,23.036953255786134,0.9624196407480026,104121,0.8297839712889303,0.7681046888596348,0.9254916296504789,0.4816207025261223,104121,21.343337869736775,29.225064527296123
1593574826,1,0.85,0.27659465709631015,1.4558902868823331,5.2626196418595095,0.8425927716798048,312363,0.8297839712889303,19.11934289399481,23.036953255786134,0.9624196407480026,104121,0.8297839712889303,0.7681046888596348,0.9254916296504789,0.4816207025261223,104121,21.343337869736775,29.225064527296123
1593574826,1,0.9,0.27659465709631015,1.4558902868823331,5.2626196418595095,0.8425927716798048,312363,0.8297839712889303,19.11934289399481,23.036953255786134,0.9624196407480026,104121,0.8297839712889303,0.7681046888596348,0.9254916296504789,0.4816207025261223,104121,21.343337869736775,29.225064527296123
1593574826,1,0.95,0.27659465709631015,1.4558902868823331,5.2626196418595095,0.8425927716798048,312363,0.8297839712889303,19.11934289399481,23.036953255786134,0.9624196407480026,104121,0.8297839712889303,0.7681046888596348,0.9254916296504789,0.4816207025261223,104121,21.343337869736775,29.225064527296123
1593574826,1,1.0,0.27659465709631015,1.4558902868823331,5.2626196418595095,0.8425927716798048,312363,0.8297839712889303,19.11934289399481,23.036953255786134,0.9624196407480026,104121,0.8297839712889303,0.7681046888596348,0.9254916296504789,0.4816207025261223,104121,21.343337869736775,29.225064527296123
1593574826,1,1.05,0.27659465709631015,1.4558902868823331,5.2626196418595095,0.8425927716798048,312363,0.8297839712889303,19.11934289399481,23.036953255786134,0.9624196407480026,104121,0.8297839712889303,0.7681046888596348,0.9254916296504789,0.4816207025261223,104121,21.343337869736775,29.225064527296123
1593574826,1,1.1,0.27659465709631015,1.4558902868823331,5.2626196418595095,0.8425927716798048,312363,0.8297839712889303,19.11934289399481,23.036953255786134,0.9624196407480026,104121,0.8297839712889303,0.7681046888596348,0.9254916296504789,0.4816207025261223,104121,21.343337869736775,29.225064527296123
1593574826,1,1.15,0.27659465709631015,1.4558902868823331,5.2626196418595095,0.8425927716798048,312363,0.8297839712889303,19.11934289399481,23.036953255786134,0.9624196407480026,104121,0.8297839712889303,0.7681046888596348,0.9254916296504789,0.4816207025261223,104121,21.343337869736775,29.225064527296123
1593574826,1,1.2,0.27659465709631015,1.4558902868823331,5.2626196418595095,0.8425927716798048,312363,0.8297839712889303,19.11934289399481,23.036953255786134,0.9624196407480026,104121,0.8297839712889303,0.7681046888596348,0.9254916296504789,0.4816207025261223,104121,21.343337869736775,29.225064527296123
7539514862,1,0.5,0.2780668126496914,1.4772207241745863,5.311957440326527,0.8400831713291751,310716,0.8342004379490742,20.418666678942554,24.47458406446814,0.9595147145840263,103572,0.8342004379490742,0.7680638548870805,0.9206303074969843,0.4802037108871478,103572,22.66395125800422,30.70717181229165
7539514862,1,0.55,0.2780668126496914,1.4772207241745863,5.311957440326527,0.8400831713291751,310716,0.8342004379490742,20.418666678942554,24.47458406446814,0.9595147145840263,103572,0.8342004379490742,0.7680638548870805,0.9206303074969843,0.4802037108871478,103572,22.66395125800422,30.70717181229165
7539514862,1,0.6,0.2780668126496914,1.4772207241745863,5.311957440326527,0.8400831713291751,310716,0.8342004379490742,20.418666678942554,24.47458406446814,0.9595147145840263,103572,0.8342004379490742,0.7680638548870805,0.9206303074969843,0.4802037108871478,103572,22.66395125800422,30.70717181229165
7539514862,1,0.65,0.2780668126496914,1.4772207241745863,5.311957440326527,0.8400831713291751,310716,0.8342004379490742,20.418666678942554,24.47458406446814,0.9595147145840263,103572,0.8342004379490742,0.7680638548870805,0.9206303074969843,0.4802037108871478,103572,22.66395125800422,30.70717181229165
7539514862,1,0.7,0.2780668126496914,1.4772207241745863,5.311957440326527,0.8400831713291751,310716,0.8342004379490742,20.418666678942554,24.47458406446814,0.9595147145840263,103572,0.8342004379490742,0.7680638548870805,0.9206303074969843,0.4802037108871478,103572,22.66395125800422,30.70717181229165
7539514862,1,0.75,0.2780668126496914,1.4772207241745863,5.311957440326527,0.8400831713291751,310716,0.8342004379490742,20.418666678942554,24.47458406446814,0.9595147145840263,103572,0.8342004379490742,0.7680638548870805,0.9206303074969843,0.4802037108871478,103572,22.66395125800422,30.70717181229165
7539514862,1,0.8,0.2780668126496914,1.4772207241745863,5.311957440326527,0.8400831713291751,310716,0.8342004379490742,20.418666678942554,24.47458406446814,0.9595147145840263,103572,0.8342004379490742,0.7680638548870805,0.9206303074969843,0.4802037108871478,103572,22.66395125800422,30.70717181229165
7539514862,1,0.85,0.2780668126496914,1.4772207241745863,5.311957440326527,0.8400831713291751,310716,0.8342004379490742,20.418666678942554,24.47458406446814,0.9595147145840263,103572,0.8342004379490742,0.7680638548870805,0.9206303074969843,0.4802037108871478,103572,22.66395125800422,30.70717181229165
7539514862,1,0.9,0.2780668126496914,1.4772207241745863,5.311957440326527,0.8400831713291751,310716,0.8342004379490742,20.418666678942554,24.47458406446814,0.9595147145840263,103572,0.8342004379490742,0.7680638548870805,0.9206303074969843,0.4802037108871478,103572,22.66395125800422,30.70717181229165
7539514862,1,0.95,0.2780668126496914,1.4772207241745863,5.311957440326527,0.8400831713291751,310716,0.8342004379490742,20.418666678942554,24.47458406446814,0.9595147145840263,103572,0.8342004379490742,0.7680638548870805,0.9206303074969843,0.4802037108871478,103572,22.66395125800422,30.70717181229165
7539514862,1,1.0,0.2780668126496914,1.4772207241745863,5.311957440326527,0.8400831713291751,310716,0.8342004379490742,20.418666678942554,24.47458406446814,0.9595147145840263,103572,0.8342004379490742,0.7680638548870805,0.9206303074969843,0.4802037108871478,103572,22.66395125800422,30.70717181229165
7539514862,1,1.05,0.2780668126496914,1.4772207241745863,5.311957440326527,0.8400831713291751,310716,0.8342004379490742,20.418666678942554,24.47458406446814,0.9595147145840263,103572,0.8342004379490742,0.7680638548870805,0.9206303074969843,0.4802037108871478,103572,22.66395125800422,30.70717181229165
7539514862,1,1.1,0.2780668126496914,1.4772207241745863,5.311957440326527,0.8400831713291751,310716,0.8342004379490742,20.418666678942554,24.47458406446814,0.9595147145840263,103572,0.8342004379490742,0.7680638548870805,0.9206303074969843,0.4802037108871478,103572,22.66395125800422,30.70717181229165
7539514862,1,1.15,0.2780668126496914,1.4772207241745863,5.311957440326527,0.8400831713291751,310716,0.8342004379490742,20.418666678942554,24.47458406446814,0.9595147145840263,103572,0.8342004379490742,0.7680638548870805,0.9206303074969843,0.4802037108871478,103572,22.66395125800422,30.70717181229165
7539514862,1,1.2,0.2780668126496914,1.4772207241745863,5.311957440326527,0.8400831713291751,310716,0.8342004379490742,20.418666678942554,24.47458406446814,0.9595147145840263,103572,0.8342004379490742,0.7680638548870805,0.9206303074969843,0.4802037108871478,103572,22.66395125800422,30.70717181229165
765555555,1,0.5,0.27792459429942623,1.4052974142764687,5.05580298556444,0.8362641130384125,310875,0.8337737828982787,19.957125657953156,23.93308217409462,0.9599066116449114,103625,0.8337737828982787,0.7714627296226491,0.9251573206862221,0.4811687672715901,103625,22.133885801852273,29.91404248034528
765555555,1,0.55,0.27792459429942623,1.4052974142764687,5.05580298556444,0.8362641130384125,310875,0.8337737828982787,19.957125657953156,23.93308217409462,0.9599066116449114,103625,0.8337737828982787,0.7714627296226491,0.9251573206862221,0.4811687672715901,103625,22.133885801852273,29.91404248034528
765555555,1,0.6,0.27792459429942623,1.4052974142764687,5.05580298556444,0.8362641130384125,310875,0.8337737828982787,19.957125657953156,23.93308217409462,0.9599066116449114,103625,0.8337737828982787,0.7714627296226491,0.9251573206862221,0.4811687672715901,103625,22.133885801852273,29.91404248034528
765555555,1,0.65,0.27792459429942623,1.4052974142764687,5.05580298556444,0.8362641130384125,310875,0.8337737828982787,19.957125657953156,23.93308217409462,0.9599066116449114,103625,0.8337737828982787,0.7714627296226491,0.9251573206862221,0.4811687672715901,103625,22.133885801852273,29.91404248034528
765555555,1,0.7,0.27792459429942623,1.4052974142764687,5.05580298556444,0.8362641130384125,310875,0.8337737828982787,19.957125657953156,23.93308217409462,0.9599066116449114,103625,0.8337737828982787,0.7714627296226491,0.9251573206862221,0.4811687672715901,103625,22.133885801852273,29.91404248034528
765555555,1,0.75,0.27792459429942623,1.4052974142764687,5.05580298556444,0.8362641130384125,310875,0.8337737828982787,19.957125657953156,23.93308217409462,0.9599066116449114,103625,0.8337737828982787,0.7714627296226491,0.9251573206862221,0.4811687672715901,103625,22.133885801852273,29.91404248034528
765555555,1,0.8,0.27792459429942623,1.4052974142764687,5.05580298556444,0.8362641130384125,310875,0.8337737828982787,19.957125657953156,23.93308217409462,0.9599066116449114,103625,0.8337737828982787,0.7714627296226491,0.9251573206862221,0.4811687672715901,103625,22.133885801852273,29.91404248034528
765555555,1,0.85,0.27792459429942623,1.4052974142764687,5.05580298556444,0.8362641130384125,310875,0.8337737828982787,19.957125657953156,23.93308217409462,0.9599066116449114,103625,0.8337737828982787,0.7714627296226491,0.9251573206862221,0.4811687672715901,103625,22.133885801852273,29.91404248034528
765555555,1,0.9,0.27792459429942623,1.4052974142764687,5.05580298556444,0.8362641130384125,310875,0.8337737828982787,19.957125657953156,23.93308217409462,0.9599066116449114,103625,0.8337737828982787,0.7714627296226491,0.9251573206862221,0.4811687672715901,103625,22.133885801852273,29.91404248034528
765555555,1,0.95,0.27792459429942623,1.4052974142764687,5.05580298556444,0.8362641130384125,310875,0.8337737828982787,19.957125657953156,23.93308217409462,0.9599066116449114,103625,0.8337737828982787,0.7714627296226491,0.9251573206862221,0.4811687672715901,103625,22.133885801852273,29.91404248034528
765555555,1,1.0,0.27792459429942623,1.4052974142764687,5.05580298556444,0.8362641130384125,310875,0.8337737828982787,19.957125657953156,23.93308217409462,0.9599066116449114,103625,0.8337737828982787,0.7714627296226491,0.9251573206862221,0.4811687672715901,103625,22.133885801852273,29.91404248034528
765555555,1,1.05,0.27792459429942623,1.4052974142764687,5.05580298556444,0.8362641130384125,310875,0.8337737828982787,19.957125657953156,23.93308217409462,0.9599066116449114,103625,0.8337737828982787,0.7714627296226491,0.9251573206862221,0.4811687672715901,103625,22.133885801852273,29.91404248034528
765555555,1,1.1,0.27792459429942623,1.4052974142764687,5.05580298556444,0.8362641130384125,310875,0.8337737828982787,19.957125657953156,23.93308217409462,0.9599066116449114,103625,0.8337737828982787,0.7714627296226491,0.9251573206862221,0.4811687672715901,103625,22.133885801852273,29.91404248034528
765555555,1,1.15,0.27792459429942623,1.4052974142764687,5.05580298556444,0.8362641130384125,310875,0.8337737828982787,19.957125657953156,23.93308217409462,0.9599066116449114,103625,0.8337737828982787,0.7714627296226491,0.9251573206862221,0.4811687672715901,103625,22.133885801852273,29.91404248034528
765555555,1,1.2,0.27792459429942623,1.4052974142764687,5.05580298556444,0.8362641130384125,310875,0.8337737828982787,19.957125657953156,23.93308217409462,0.9599066116449114,103625,0.8337737828982787,0.7714627296226491,0.9251573206862221,0.4811687672715901,103625,22.133885801852273,29.91404248034528
123456789,2,0.5,0.2782672889562842,2.244916518406261,8.067166000475533,0.8940389692312822,310491,0.8348018668688527,17.92013658075696,21.46549257145526,0.9578316484567218,103497,0.8348018668688527,4.1196111923389855,4.934643385552874,0.8336340808497976,103497,24.284664291502207,34.46730195748367
123456789,2,0.55,0.2782672889562842,2.244916518406261,8.067166000475533,0.8940389692312822,310491,0.8348018668688527,17.92013658075696,21.46549257145526,0.9578316484567218,103497,0.8348018668688527,4.1196111923389855,4.934643385552874,0.8336340808497976,103497,24.284664291502207,34.46730195748367
123456789,2,0.6,0.2782672889562842,2.244916518406261,8.067166000475533,0.8940389692312822,310491,0.8348018668688527,17.92013658075696,21.46549257145526,0.9578316484567218,103497,0.8348018668688527,4.1196111923389855,4.934643385552874,0.8336340808497976,103497,24.284664291502207,34.46730195748367
123456789,2,0.65,0.2782672889562842,2.244916518406261,8.067166000475533,0.8940389692312822,310491,0.8348018668688527,17.92013658075696,21.46549257145526,0.9578316484567218,103497,0.8348018668688527,4.1196111923389855,4.934643385552874,0.8336340808497976,103497,24.284664291502207,34.46730195748367
123456789,2,0.7,0.2782672889562842,2.244916518406261,8.067166000475533,0.8940389692312822,310491,0.8348018668688527,17.92013658075696,21.46549257145526,0.9578316484567218,103497,0.8348018668688527,4.1196111923389855,4.934643385552874,0.8336340808497976,103497,24.284664291502207,34.46730195748367
123456789,2,0.75,0.2782672889562842,2.244916518406261,8.067166000475533,0.8940389692312822,310491,0.8348018668688527,17.92013658075696,21.46549257145526,0.9578316484567218,103497,0.8348018668688527,4.1196111923389855,4.934643385552874,0.8336340808497976,103497,24.284664291502207,34.46730195748367
123456789,2,0.8,0.2782672889562842,2.244916518406261,8.067166000475533,0.8940389692312822,310491,0.8348018668688527,17.92013658075696,21.46549257145526,0.9578316484567218,103497,0.8348018668688527,4.1196111923389855,4.934643385552874,0.8336340808497976,103497,24.284664291502207,34.46730195748367
123456789,2,0.85,0.2782672889562842,2.244916518406261,8.067166000475533,0.8940389692312822,310491,0.8348018668688527,17.92013658075696,21.46549257145526,0.9578316484567218,103497,0.8348018668688527,4.1196111923389855,4.934643385552874,0.8336340808497976,103497,24.284664291502207,34.46730195748367
123456789,2,0.9,0.2782672889562842,2.244916518406261,8.067166000475533,0.8940389692312822,310491,0.8348018668688527,17.92013658075696,21.46549257145526,0.9578316484567218,103497,0.8348018668688527,4.1196111923389855,4.934643385552874,0.8336340808497976,103497,24.284664291502207,34.46730195748367
123456789,2,0.95,0.2782672889562842,2.244916518406261,8.067166000475533,0.8940389692312822,310491,0.8348018668688527,17.92013658075696,21.46549257145526,0.9578316484567218,103497,0.8348018668688527,4.1196111923389855,4.934643385552874,0.8336340808497976,103497,24.284664291502207,34.46730195748367
123456789,2,1.0,0.2782672889562842,2.244916518406261,8.067166000475533,0.8940389692312822,310491,0.8348018668688527,17.92013658075696,21.46549257145526,0.9578316484567218,103497,0.8348018668688527,4.1196111923389855,4.934643385552874,0.8336340808497976,103497,24.284664291502207,34.46730195748367
123456789,2,1.05,0.2782672889562842,2.244916518406261,8.067166000475533,0.8940389692312822,310491,0.8348018668688527,17.92013658075696,21.46549257145526,0.9578316484567218,103497,0.8348018668688527,4.1196111923389855,4.934643385552874,0.8336340808497976,103497,24.284664291502207,34.46730195748367
123456789,2,1.1,0.2782672889562842,2.244916518406261,8.067166000475533,0.8940389692312822,310491,0.8348018668688527,17.92013658075696,21.46549257145526,0.9578316484567218,103497,0.8348018668688527,4.1196111923389855,4.934643385552874,0.8336340808497976,103497,24.284664291502207,34.46730195748367
123456789,2,1.15,0.2782672889562842,2.244916518406261,8.067166000475533,0.8940389692312822,310491,0.8348018668688527,17.92013658075696,21.46549257145526,0.9578316484567218,103497,0.8348018668688527,4.1196111923389855,4.934643385552874,0.8336340808497976,103497,24.284664291502207,34.46730195748367
123456789,2,1.2,0.2782672889562842,2.244916518406261,8.067166000475533,0.8940389692312822,310491,0.8348018668688527,17.92013658075696,21.46549257145526,0.9578316484567218,103497,0.8348018668688527,4.1196111923389855,4.934643385552874,0.8336340808497976,103497,24.284664291502207,34.46730195748367
987654321,2,0.5,0.2780373090206908,2.416995062064356,8.681745545648154,0.8978314313863194,310749,0.8341119270620724,26.212176586748775,31.384348675414557,0.956410729377569,103583,0.8341119270620724,4.343582882100186,5.20065623780779,0.8368119336107552,103583,32.97275453091332,45.266750458870504
987654321,2,0.55,0.2780373090206908,2.416995062064356,8.681745545648154,0.8978314313863194,310749,0.8341119270620724,26.212176586748775,31.384348675414557,0.956410729377569,103583,0.8341119270620724,4.343582882100186,5.20065623780779,0.8368119336107552,103583,32.97275453091332,45.266750458870504
987654321,2,0.6,0.2780373090206908,2.416995062064356,8.681745545648154,0.8978314313863194,310749,0.8341119270620724,26.212176586748775,31.384348675414557,0.956410729377569,103583,0.8341119270620724,4.343582882100186,5.20065623780779,0.8368119336107552,103583,32.97275453091332,45.266750458870504
987654321,2,0.65,0.2780373090206908,2.416995062064356,8.681745545648154,0.8978314313863194,310749,0.8341119270620724,26.212176586748775,31.384348675414557,0.956410729377569,103583,0.8341119270620724,4.343582882100186,5.20065623780779,0.8368119336107552,103583,32.97275453091332,45.266750458870504
987654321,2,0.7,0.2780373090206908,2.416995062064356,8.681745545648154,0.8978314313863194,310749,0.8341119270620724,26.212176586748775,31.384348675414557,0.956410729377569,103583,0.8341119270620724,4.343582882100186,5.20065623780779,0.8368119336107552,103583,32.97275453091332,45.266750458870504
987654321,2,0.75,0.2780373090206908,2.416995062064356,8.681745545648154,0.8978314313863194,310749,0.8341119270620724,26.212176586748775,31.384348675414557,0.956410729377569,103583,0.8341119270620724,4.343582882100186,5.20065623780779,0.8368119336107552,103583,32.97275453091332,45.266750458870504
987654321,2,0.8,0.2780373090206908,2.416995062064356,8.681745545648154,0.8978314313863194,310749,0.8341119270620724,26.212176586748775,31.384348675414557,0.956410729377569,103583,0.8341119270620724,4.343582882100186,5.20065623780779,0.8368119336107552,103583,32.97275453091332,45.266750458870504
987654321,2,0.85,0.2780373090206908,2.416995062064356,8.681745545648154,0.8978314313863194,310749,0.8341119270620724,26.212176586748775,31.384348675414557,0.956410729377569,103583,0.8341119270620724,4.343582882100186,5.20065623780779,0.8368119336107552,103583,32.97275453091332,45.266750458870504
987654321,2,0.9,0.2780373090206908,2.416995062064356,8.681745545648154,0.8978314313863194,310749,0.8341119270620724,26.212176586748775,31.384348675414557,0.956410729377569,103583,0.8341119270620724,4.343582882100186,5.20065623780779,0.8368119336107552,103583,32.97275453091332,45.266750458870504
987654321,2,0.95,0.2780373090206908,2.416995062064356,8.681745545648154,0.8978314313863194,310749,0.8341119270620724,26.212176586748775,31.384348675414557,0.956410729377569,103583,0.8341119270620724,4.343582882100186,5.20065623780779,0.8368119336107552,103583,32.97275453091332,45.266750458870504
987654321,2,1.0,0.2780373090206908,2.416995062064356,8.681745545648154,0.8978314313863194,310749,0.8341119270620724,26.212176586748775,31.384348675414557,0.956410729377569,103583,0.8341119270620724,4.343582882100186,5.20065623780779,0.8368119336107552,103583,32.97275453091332,45.266750458870504
987654321,2,1.05,0.2780373090206908,2.416995062064356,8.681745545648154,0.8978314313863194,310749,0.8341119270620724,26.212176586748775,31.384348675414557,0.956410729377569,103583,0.8341119270620724,4.343582882100186,5.20065623780779,0.8368119336107552,103583,32.97275453091332,45.266750458870504
987654321,2,1.1,0.2780373090206908,2.416995062064356,8.681745545648154,0.8978314313863194,310749,0.8341119270620724,26.212176586748775,31.384348675414557,0.956410729377569,103583,0.8341119270620724,4.343582882100186,5.20065623780779,0.8368119336107552,103583,32.97275453091332,45.266750458870504
987654321,2,1.15,0.2780373090206908,2.416995062064356,8.681745545648154,0.8978314313863194,310749,0.8341119270620724,26.212176586748775,31.384348675414557,0.956410729377569,103583,0.8341119270620724,4.343582882100186,5.20065623780779,0.8368119336107552,103583,32.97275453091332,45.266750458870504
987654321,2,1.2,0.2780373090206908,2.416995062064356,8.681745545648154,0.8978314313863194,310749,0.8341119270620724,26.212176586748775,31.384348675414557,0.956410729377569,103583,0.8341119270620724,4.343582882100186,5.20065623780779,0.8368119336107552,103583,32.97275453091332,45.266750458870504
1593574826,2,0.5,0.27659465709631015,2.476490700743272,8.951650941527532,0.9028046835506901,312363,0.8297839712889303,19.26247812555648,23.209048782488768,0.9624043585605582,104121,0.8297839712889303,4.5882599566476765,5.528320316132705,0.8428228460890811,104121,26.32722878294743,37.689020040149
1593574826,2,0.55,0.27659465709631015,2.476490700743272,8.951650941527532,0.9028046835506901,312363,0.8297839712889303,19.26247812555648,23.209048782488768,0.9624043585605582,104121,0.8297839712889303,4.5882599566476765,5.528320316132705,0.8428228460890811,104121,26.32722878294743,37.689020040149
1593574826,2,0.6,0.27659465709631015,2.476490700743272,8.951650941527532,0.9028046835506901,312363,0.8297839712889303,19.26247812555648,23.209048782488768,0.9624043585605582,104121,0.8297839712889303,4.5882599566476765,5.528320316132705,0.8428228460890811,104121,26.32722878294743,37.689020040149
1593574826,2,0.65,0.27659465709631015,2.476490700743272,8.951650941527532,0.9028046835506901,312363,0.8297839712889303,19.26247812555648,23.209048782488768,0.9624043585605582,104121,0.8297839712889303,4.5882599566476765,5.528320316132705,0.8428228460890811,104121,26.32722878294743,37.689020040149
1593574826,2,0.7,0.27659465709631015,2.476490700743272,8.951650941527532,0.9028046835506901,312363,0.8297839712889303,19.26247812555648,23.209048782488768,0.9624043585605582,104121,0.8297839712889303,4.5882599566476765,5.528320316132705,0.8428228460890811,104121,26.32722878294743,37.689020040149
1593574826,2,0.75,0.27659465709631015,2.476490700743272,8.951650941527532,0.9028046835506901,312363,0.8297839712889303,19.26247812555648,23.209048782488768,0.9624043585605582,104121,0.8297839712889303,4.5882599566476765,5.528320316132705,0.8428228460890811,104121,26.32722878294743,37.689020040149
1593574826,2,0.8,0.27659465709631015,2.476490700743272,8.951650941527532,0.9028046835506901,312363,0.8297839712889303,19.26247812555648,23.209048782488768,0.9624043585605582,104121,0.8297839712889303,4.5882599566476765,5.528320316132705,0.8428228460890811,104121,26.32722878294743,37.689020040149
1593574826,2,0.85,0.27659465709631015,2.476490700743272,8.951650941527532,0.9028046835506901,312363,0.8297839712889303,19.26247812555648,23.209048782488768,0.9624043585605582,104121,0.8297839712889303,4.5882599566476765,5.528320316132705,0.8428228460890811,104121,26.32722878294743,37.689020040149
1593574826,2,0.9,0.27659465709631015,2.476490700743272,8.951650941527532,0.9028046835506901,312363,0.8297839712889303,19.26247812555648,23.209048782488768,0.9624043585605582,104121,0.8297839712889303,4.5882599566476765,5.528320316132705,0.8428228460890811,104121,26.32722878294743,37.689020040149
1593574826,2,0.95,0.27659465709631015,2.476490700743272,8.951650941527532,0.9028046835506901,312363,0.8297839712889303,19.26247812555648,23.209048782488768,0.9624043585605582,104121,0.8297839712889303,4.5882599566476765,5.528320316132705,0.8428228460890811,104121,26.32722878294743,37.689020040149
1593574826,2,1.0,0.27659465709631015,2.476490700743272,8.951650941527532,0.9028046835506901,312363,0.8297839712889303,19.26247812555648,23.209048782488768,0.9624043585605582,104121,0.8297839712889303,4.5882599566476765,5.528320316132705,0.8428228460890811,104121,26.32722878294743,37.689020040149
1593574826,2,1.05,0.27659465709631015,2.476490700743272,8.951650941527532,0.9028046835506901,312363,0.8297839712889303,19.26247812555648,23.209048782488768,0.9624043585605582,104121,0.8297839712889303,4.5882599566476765,5.528320316132705,0.8428228460890811,104121,26.32722878294743,37.689020040149
1593574826,2,1.1,0.27659465709631015,2.476490700743272,8.951650941527532,0.9028046835506901,312363,0.8297839712889303,19.26247812555648,23.209048782488768,0.9624043585605582,104121,0.8297839712889303,4.5882599566476765,5.528320316132705,0.8428228460890811,104121,26.32722878294743,37.689020040149
1593574826,2,1.15,0.27659465709631015,2.476490700743272,8.951650941527532,0.9028046835506901,312363,0.8297839712889303,19.26247812555648,23.209048782488768,0.9624043585605582,104121,0.8297839712889303,4.5882599566476765,5.528320316132705,0.8428228460890811,104121,26.32722878294743,37.689020040149
1593574826,2,1.2,0.27659465709631015,2.476490700743272,8.951650941527532,0.9028046835506901,312363,0.8297839712889303,19.26247812555648,23.209048782488768,0.9624043585605582,104121,0.8297839712889303,4.5882599566476765,5.528320316132705,0.8428228460890811,104121,26.32722878294743,37.689020040149
7539514862,2,0.5,0.2780668126496914,2.5784097797910244,9.271593649223142,0.8998282668104123,310716,0.8342004379490742,20.263423085649773,24.288125994679163,0.9594998116339033,103572,0.8342004379490742,4.6162149223196725,5.5330833876345045,0.8403434418390372,103572,27.45804778776047,39.09280303153681
7539514862,2,0.55,0.2780668126496914,2.5784097797910244,9.271593649223142,0.8998282668104123,310716,0.8342004379490742,20.263423085649773,24.288125994679163,0.9594998116339033,103572,0.8342004379490742,4.6162149223196725,5.5330833876345045,0.8403434418390372,103572,27.45804778776047,39.09280303153681
7539514862,2,0.6,0.2780668126496914,2.5784097797910244,9.271593649223142,0.8998282668104123,310716,0.8342004379490742,20.263423085649773,24.288125994679163,0.9594998116339033,103572,0.8342004379490742,4.6162149223196725,5.5330833876345045,0.8403434418390372,103572,27.45804778776047,39.09280303153681
7539514862,2,0.65,0.2780668126496914,2.5784097797910244,9.271593649223142,0.8998282668104123,310716,0.8342004379490742,20.263423085649773,24.288125994679163,0.9594998116339033,103572,0.8342004379490742,4.6162149223196725,5.5330833876345045,0.8403434418390372,103572,27.45804778776047,39.09280303153681
7539514862,2,0.7,0.2780668126496914,2.5784097797910244,9.271593649223142,0.8998282668104123,310716,0.8342004379490742,20.263423085649773,24.288125994679163,0.9594998116339033,103572,0.8342004379490742,4.6162149223196725,5.5330833876345045,0.8403434418390372,103572,27.45804778776047,39.09280303153681
7539514862,2,0.75,0.2780668126496914,2.5784097797910244,9.271593649223142,0.8998282668104123,310716,0.8342004379490742,20.263423085649773,24.288125994679163,0.9594998116339033,103572,0.8342004379490742,4.6162149223196725,5.5330833876345045,0.8403434418390372,103572,27.45804778776047,39.09280303153681
7539514862,2,0.8,0.2780668126496914,2.5784097797910244,9.271593649223142,0.8998282668104123,310716,0.8342004379490742,20.263423085649773,24.288125994679163,0.9594998116339033,103572,0.8342004379490742,4.6162149223196725,5.5330833876345045,0.8403434418390372,103572,27.45804778776047,39.09280303153681
7539514862,2,0.85,0.2780668126496914,2.5784097797910244,9.271593649223142,0.8998282668104123,310716,0.8342004379490742,20.263423085649773,24.288125994679163,0.9594998116339033,103572,0.8342004379490742,4.6162149223196725,5.5330833876345045,0.8403434418390372,103572,27.45804778776047,39.09280303153681
7539514862,2,0.9,0.2780668126496914,2.5784097797910244,9.271593649223142,0.8998282668104123,310716,0.8342004379490742,20.263423085649773,24.288125994679163,0.9594998116339033,103572,0.8342004379490742,4.6162149223196725,5.5330833876345045,0.8403434418390372,103572,27.45804778776047,39.09280303153681
7539514862,2,0.95,0.2780668126496914,2.5784097797910244,9.271593649223142,0.8998282668104123,310716,0.8342004379490742,20.263423085649773,24.288125994679163,0.9594998116339033,103572,0.8342004379490742,4.6162149223196725,5.5330833876345045,0.8403434418390372,103572,27.45804778776047,39.09280303153681
7539514862,2,1.0,0.2780668126496914,2.5784097797910244,9.271593649223142,0.8998282668104123,310716,0.8342004379490742,20.263423085649773,24.288125994679163,0.9594998116339033,103572,0.8342004379490742,4.6162149223196725,5.5330833876345045,0.8403434418390372,103572,27.45804778776047,39.09280303153681
7539514862,2,1.05,0.2780668126496914,2.5784097797910244,9.271593649223142,0.8998282668104123,310716,0.8342004379490742,20.263423085649773,24.288125994679163,0.9594998116339033,103572,0.8342004379490742,4.6162149223196725,5.5330833876345045,0.8403434418390372,103572,27.45804778776047,39.09280303153681
7539514862,2,1.1,0.2780668126496914,2.5784097797910244,9.271593649223142,0.8998282668104123,310716,0.8342004379490742,20.263423085649773,24.288125994679163,0.9594998116339033,103572,0.8342004379490742,4.6162149223196725,5.5330833876345045,0.8403434418390372,103572,27.45804778776047,39.09280303153681
7539514862,2,1.15,0.2780668126496914,2.5784097797910244,9.271593649223142,0.8998282668104123,310716,0.8342004379490742,20.263423085649773,24.288125994679163,0.9594998116339033,103572,0.8342004379490742,4.6162149223196725,5.5330833876345045,0.8403434418390372,103572,27.45804778776047,39.09280303153681
7539514862,2,1.2,0.2780668126496914,2.5784097797910244,9.271593649223142,0.8998282668104123,310716,0.8342004379490742,20.263423085649773,24.288125994679163,0.9594998116339033,103572,0.8342004379490742,4.6162149223196725,5.5330833876345045,0.8403434418390372,103572,27.45804778776047,39.09280303153681
765555555,2,0.5,0.27792459429942623,2.3133078737660164,8.321883287525084,0.8961770191491987,310875,0.8337737828982787,19.92648851950147,23.894486573395962,0.959832105816591,103625,0.8337737828982787,4.416796403074595,5.296321137936744,0.8419799850279946,103625,26.656592796342082,37.51269099885779
765555555,2,0.55,0.27792459429942623,2.3133078737660164,8.321883287525084,0.8961770191491987,310875,0.8337737828982787,19.92648851950147,23.894486573395962,0.959832105816591,103625,0.8337737828982787,4.416796403074595,5.296321137936744,0.8419799850279946,103625,26.656592796342082,37.51269099885779
765555555,2,0.6,0.27792459429942623,2.3133078737660164,8.321883287525084,0.8961770191491987,310875,0.8337737828982787,19.92648851950147,23.894486573395962,0.959832105816591,103625,0.8337737828982787,4.416796403074595,5.296321137936744,0.8419799850279946,103625,26.656592796342082,37.51269099885779
765555555,2,0.65,0.27792459429942623,2.3133078737660164,8.321883287525084,0.8961770191491987,310875,0.8337737828982787,19.92648851950147,23.894486573395962,0.959832105816591,103625,0.8337737828982787,4.416796403074595,5.296321137936744,0.8419799850279946,103625,26.656592796342082,37.51269099885779
765555555,2,0.7,0.27792459429942623,2.3133078737660164,8.321883287525084,0.8961770191491987,310875,0.8337737828982787,19.92648851950147,23.894486573395962,0.959832105816591,103625,0.8337737828982787,4.416796403074595,5.296321137936744,0.8419799850279946,103625,26.656592796342082,37.51269099885779
765555555,2,0.75,0.27792459429942623,2.3133078737660164,8.321883287525084,0.8961770191491987,310875,0.8337737828982787,19.92648851950147,23.894486573395962,0.959832105816591,103625,0.8337737828982787,4.416796403074595,5.296321137936744,0.8419799850279946,103625,26.656592796342082,37.51269099885779
765555555,2,0.8,0.27792459429942623,2.3133078737660164,8.321883287525084,0.8961770191491987,310875,0.8337737828982787,19.92648851950147,23.894486573395962,0.959832105816591,103625,0.8337737828982787,4.416796403074595,5.296321137936744,0.8419799850279946,103625,26.656592796342082,37.51269099885779
765555555,2,0.85,0.27792459429942623,2.3133078737660164,8.321883287525084,0.8961770191491987,310875,0.8337737828982787,19.92648851950147,23.894486573395962,0.959832105816591,103625,0.8337737828982787,4.416796403074595,5.296321137936744,0.8419799850279946,103625,26.656592796342082,37.51269099885779
765555555,2,0.9,0.27792459429942623,2.3133078737660164,8.321883287525084,0.8961770191491987,310875,0.8337737828982787,19.92648851950147,23.894486573395962,0.959832105816591,103625,0.8337737828982787,4.416796403074595,5.296321137936744,0.8419799850279946,103625,26.656592796342082,37.51269099885779
765555555,2,0.95,0.27792459429942623,2.3133078737660164,8.321883287525084,0.8961770191491987,310875,0.8337737828982787,19.92648851950147,23.894486573395962,0.959832105816591,103625,0.8337737828982787,4.416796403074595,5.296321137936744,0.8419799850279946,103625,26.656592796342082,37.51269099885779
765555555,2,1.0,0.27792459429942623,2.3133078737660164,8.321883287525084,0.8961770191491987,310875,0.8337737828982787,19.92648851950147,23.894486573395962,0.959832105816591,103625,0.8337737828982787,4.416796403074595,5.296321137936744,0.8419799850279946,103625,26.656592796342082,37.51269099885779
765555555,2,1.05,0.27792459429942623,2.3133078737660164,8.321883287525084,0.8961770191491987,310875,0.8337737828982787,19.92648851950147,23.894486573395962,0.959832105816591,103625,0.8337737828982787,4.416796403074595,5.296321137936744,0.8419799850279946,103625,26.656592796342082,37.51269099885779
765555555,2,1.1,0.27792459429942623,2.3133078737660164,8.321883287525084,0.8961770191491987,310875,0.8337737828982787,19.92648851950147,23.894486573395962,0.959832105816591,103625,0.8337737828982787,4.416796403074595,5.296321137936744,0.8419799850279946,103625,26.656592796342082,37.51269099885779
765555555,2,1.15,0.27792459429942623,2.3133078737660164,8.321883287525084,0.8961770191491987,310875,0.8337737828982787,19.92648851950147,23.894486573395962,0.959832105816591,103625,0.8337737828982787,4.416796403074595,5.296321137936744,0.8419799850279946,103625,26.656592796342082,37.51269099885779
765555555,2,1.2,0.27792459429942623,2.3133078737660164,8.321883287525084,0.8961770191491987,310875,0.8337737828982787,19.92648851950147,23.894486573395962,0.959832105816591,103625,0.8337737828982787,4.416796403074595,5.296321137936744,0.8419799850279946,103625,26.656592796342082,37.51269099885779
