seed,auth,b_improvement,arrival_rate,interarrival_a,interarrival_a_ci,avg_service_a,avg_service_a_ci,avg_population_a,avg_population_a_ci,utilization_a,utilization_a_ci,completion_a,completion_a_ci,interarrival_b,interarrival_b_ci,avg_service_b,avg_service_b_ci,avg_population_b,avg_population_b_ci,utilization_b,utilization_b_ci,completion_b,completion_b_ci,interarrival_p,interarrival_p_ci,avg_service_p,avg_service_p_ci,avg_population_p,avg_population_p_ci,utilization_p,utilization_p_ci,completion_p,completion_p_ci,avg_response_time,avg_response_time_ci,avg_population,avg_population_ci
123456789,1,True,0.5,0.6672407035867978,0.0012889784997061672,0.35869640361173977,0.0630161409403898,0.5376914350066707,0.03164679501299709,0.3495896241408609,0.05052520342982275,24576.0078125,4332.207891707414,2.0017210108941113,0.34730976516825823,0.5003050892219256,0.026609747502177074,0.24997863487602429,0.03517360541718869,0.19981084008101274,4332.267436391504,8192.0078125,680.4124795444321,2.001722527040686,0.003863510381015384,0.4985542384243207,0.026701119448394976,0.24909798810838998,0.04429273132028825,0.19952320530368473,0.030485935250339796,8192.0,1444.0563617282671,2.0749485384814665,0.3596049990420133,1.0367680579910847,0.14758543288744774
123456789,1,True,0.55,0.6065854063325934,0.0011714871141123566,0.3788484749446685,0.06659260975595101,0.6246951674128532,0.043444920499073426,0.38454685551647894,0.05605773933015312,24576.0078125,4332.192557503867,1.8197552797136032,0.313150927646819,0.5131493840186822,0.022727549041066553,0.28203608375479255,0.03985255997045036,0.21979078218985915,4332.263914291544,8192.0078125,680.4151919620651,1.819756589542821,0.0035112138122446335,0.5111639858555348,0.034939967029580174,0.2809375365271276,0.04094848401314948,0.21947462555584996,0.03468763945297691,8192.0,1444.050710751904,2.160858794708225,0.3739329177944176,1.1876687876947731,0.1706775546634675
123456789,1,True,0.6,0.556035166744895,0.0010738836872053131,0.40140657034658095,0.07059040143729019,0.7220762530436934,0.05665416784850061,0.4195071406438101,0.06151656017187203,24576.015625,4332.176770910583,1.6681051482253753,0.28408776098391675,0.5267292952114688,0.018981968641110167,0.3158205200208968,0.044849399646992444,0.23977278067815733,4332.261769030571,8192.0078125,680.4179791324406,1.668106460794705,0.0032201158044506267,0.5248147271785836,0.04247025512014902,0.31466568044455706,0.03740473253254599,0.23942751614139932,0.038865545814507775,8192.0,1444.0447553391168,2.2557637334297946,0.3897930752246963,1.352562453509147,0.19624031325382088
123456789,1,True,0.65,0.5132635991931178,0.0009909851500478958,0.4270887386549954,0.0751379725913346,0.8323104945372668,0.07158822818537945,0.4544656351017732,0.06687816557807509,24576.0234375,4332.1587209493055,1.5397894732755013,0.25883424093586993,0.5410779720085448,0.015386039284210808,0.35145958297143803,0.05019065787420897,0.25975333426469965,4332.259624024307,8192.015625,680.4225508753293,1.5397922929726555,0.0029734834078713286,0.5390272898067552,0.049427129425506415,0.3501215792866014,0.03369476272200164,0.2593799378194275,0.04301699355725537,8192.0,1444.0384734937857,2.3613714777802866,0.4074817691525853,1.533891656795307,0.22470470107497947
123456789,1,True,0.7,0.4766009547530307,0.0009197916875291861,0.45613372515013445,0.08027732859398479,0.957308744170972,0.08853920852311532,0.48942513213422906,0.07213562437789812,24576.03125,4332.138068361862,1.429801949971809,0.2364562943560333,0.5561492633833733,0.011945159476390318,0.389039916249422,0.055893645323895735,0.2797350926707323,4332.257478805657,8192.015625,680.4261911932747,1.429804610099208,0.002758250852652434,0.5539259558080935,0.055999472500903626,0.387475889215017,0.029782283066292558,0.2793322875187871,0.04714109880487341,8192.0,1444.0318504465947,2.4784763946418713,0.4271371999162745,1.7338245496354099,0.2564537314375305
123456789,1,True,0.75,0.44483163726347213,0.0008582641794831181,0.48959729461910917,0.08619643914133644,1.1009457809158594,0.1080110729809794,0.5243795537636441,0.0772547692837665,24576.03125,4332.112755053359,1.3344939783922927,0.21622191223958095,0.5719648538312279,0.008679358148276464,0.4286813208490115,0.06198445308941099,0.2997144902653165,4332.253956801688,8192.015625,680.4306812983538,1.3344966878697229,0.00257617139687094,0.5694991697931967,0.06231136434169525,0.4268215757574646,0.025656681841990808,0.299281757958302,0.051233852077792685,8192.0,1444.024861211965,2.610255907481751,0.4493162532991667,1.9564486775223355,0.29221182574041726
123456789,1,True,0.8,0.41703142335098986,0.0008047332300819121,0.5283356323259386,0.09304687880470983,1.2672769928317253,0.13057006070150756,0.5593359797806253,0.08221010144038708,24576.03125,4332.083437140186,1.2510934938714007,0.1975426277923406,0.588779040722607,0.00572898633630594,0.47070081238037464,0.0685243220194335,0.31969412539372644,4332.250434755846,8192.015625,680.4358684219694,1.2510958544359851,0.002414196534171436,0.5858910942299799,0.06849676593203664,0.46838029200813364,0.021336435497663793,0.31923316461575607,0.05527134715692552,8192.0,1444.0174551176492,2.759677031930404,0.4745324660048299,2.206358097220234,0.3327893951760333
123456789,1,True,0.85,0.39250258217108347,0.0007567016532557355,0.5735597005664872,0.10104358733284297,1.4617582527384092,0.1569713471209211,0.5942903566527215,0.08696303371246888,24576.0625,4332.054675040589,1.1775063072868683,0.1799160573012219,0.6065336427430855,0.003330842198232205,0.5151992394677826,0.07553544732753435,0.3396743904724662,4332.252421404907,8192.03125,680.4437148055479,1.1775108438093649,0.0022718768276317634,0.6032084878759475,0.07466025778246961,0.51236285359366,0.016789792875500507,0.3391826062877002,0.05921115251931587,8192.0,1444.0096122002792,2.930421232318495,0.5034322828795578,2.4893203457998516,0.3792074002190789
123456789,1,True,0.9,0.3706990042356989,0.0007142695661987061,0.6273044675629798,0.11054984334693387,1.6928001099362584,0.18835977654646469,0.6292447605263813,0.09144990074246859,24576.0703125,4332.015346491713,1.1120961454936853,0.1628520316983064,0.6258937423819677,0.0027076723540856587,0.5629129045928732,0.08315980236975966,0.3596536776093028,4332.2502766219,8192.03125,680.4506862441353,1.112099141921578,0.002143106984793044,0.6220199367532081,0.08098458655476633,0.5594173545131316,0.012041022933702466,0.35913288299580926,0.06283824768407517,8192.0078125,1444.002582301796,3.129827081824115,0.537295442418189,2.8151303690422624,0.43320357851795355
123456789,1,True,0.95,0.3511865121326761,0.0006765201249106765,0.6926855703298446,0.12211815508047288,1.9731474550446895,0.22645483707761377,0.6642069668571325,0.09557471147864283,24576.0703125,4331.965941099932,1.0535586866751907,0.14581749486357862,0.6463836638263538,0.004246824274497528,0.6136441026896726,0.0913837551007307,0.3796367885147332,4332.246753963344,8192.03125,680.4594590200219,1.053561575602413,0.0020302941188615675,0.6421526038094513,0.08753974565262598,0.6096185998213935,0.007209061083970001,0.37908764498388425,0.06608499595460164,8192.0078125,1443.993636457247,3.3665929786253423,0.5776664613670401,3.1964101575557535,0.49702073989881307
123456789,1,True,1.0,0.33362320601347045,0.000642809616924469,0.773283896559607,0.1363874179920034,2.318791148369092,0.27348792198282296,0.6991736829031998,0.09922426959346392,24576.078125,4331.906415154855,1.0008682181457054,0.12823843104815222,0.6674165024182137,0.006392925508906751,0.6669677128406526,0.10014895214381297,0.3996230353656552,4332.2446079534675,8192.0390625,680.4713967972338,1.0008717223798642,0.0019267910706683824,0.6630579196187951,0.0943242721709922,0.6626103150159621,0.003603055803528861,0.39904406924911445,0.06922506086426562,8192.0078125,1443.9842371483326,3.6503261117158297,0.6262624185946785,3.6483691762257062,0.5733603387579945
123456789,1,True,1.05,0.31773666722887733,0.0006110542806495203,0.8750119549857056,0.1544123511503033,2.755113068910095,0.33294584271294947,0.7341315092107348,0.10221028124965857,24576.078125,4331.829520508318,0.9532076883381345,0.10935624584974384,0.6901425127650057,0.008439620047587184,0.724168737292304,0.10971696206924852,0.4196034752310252,4332.241085765769,8192.046875,680.4863578225247,0.9532120916101191,0.0018330424673698106,0.6856651958632435,0.10164010869988586,0.7194682335219562,0.0064796500298727275,0.41899489052128225,0.07238164043221032,8192.0078125,1443.974157684498,4.000843573585368,0.6865690567880168,4.198750039724354,0.6671587310716685
123456789,1,True,1.1,0.3032913375504584,0.0005838139735847807,1.0067500131688458,0.17778834543943556,3.321050043420354,0.41030586290642845,0.7690968067130174,0.10425452675631153,24576.09375,4331.7325194890345,0.9098713906804017,0.08808168575793646,0.7147118706042814,0.010218334026809675,0.7856714554464139,0.12020780388092095,0.43958979645703683,4332.2403169442705,8192.0546875,680.5049224511046,0.9098775989334942,0.0017536503480992747,0.7095312367274614,0.10960111317355321,0.7799654634163138,0.012291731584592187,0.43895177139049796,0.07558653597292261,8192.0,1443.961939935469,4.444493146838281,0.7632662889549297,4.886686962283078,0.7854032620722398
123456789,1,True,1.15,0.2901069205973035,0.0005578926410406602,1.1840975231704238,0.20932138715785778,4.083946558989563,0.5150202743568355,0.8040501212113635,0.10485898507436138,24576.078125,4331.5953302191665,0.8703170211482918,0.06265470011880386,0.7409148115668461,0.011772304388751794,0.8514990321995568,0.1317193935105255,0.45956795112533055,4332.234040756435,8192.0625,680.5307092269703,0.8703228165267335,0.001676040960088668,0.7353373365595045,0.11864198230971956,0.845062908647515,0.01901954065820148,0.45890015117833766,0.07882954901335831,8192.0078125,1443.9517189020064,5.028544717637623,0.8648373468832992,5.780508499836636,0.9403928713762159
123456789,1,True,1.2,0.2780211800477157,0.0005347096681536171,1.4367276378004645,0.25439642953554,5.171250472207473,0.6651693950681961,0.8390016617715433,0.10307648698036788,24576.0859375,4331.405130913504,0.8340596197386727,0.02981554219902907,0.769527290104089,0.01292639931441623,0.9228339236940043,0.14462292955411188,0.4795450869895192,4332.231896352663,8192.0703125,680.5659801549615,0.8340657353870604,0.00160598245893276,0.7646236696556296,0.1295981755930985,0.9169364989425907,0.026597323879533792,0.4788487024913725,0.08214307715447625,8192.0078125,1443.9391557972963,5.844333873161111,1.0077008897595374,7.011020894844065,1.155735109988649
123456789,1,False,0.5,0.6672408875880109,0.0012893186678194848,0.3584089292499091,0.06296526260684458,0.5372592946816904,0.03162010713845424,0.34958977107277894,0.05053421156518958,24576.0078125,4332.207979317981,2.001721417375263,0.3473145260950448,1.334534512964454,0.173747141836625,0.6668321478552348,0.10870846880638828,0.39962289689575625,4332.232213164486,8192.0078125,680.4124797997696,2.00172344234354,0.0038703866311224177,0.4986264952176535,0.026711286060772194,0.249134845402715,0.19133836855497666,0.1995232077465127,0.004573603495818539,8192.0,1443.982877708433,2.9083877959318327,0.49360557265225447,1.4532262879396405,0.18582706609730953
123456789,1,False,0.55,0.6065890411809453,0.0011726768490986491,0.37855223708703034,0.06653918970602991,0.6242018463878839,0.04340539527207518,0.3845448652950273,0.056066823988248735,24576.015625,4332.194031447159,1.8197666748837082,0.3131599277525485,1.4295669353560758,0.18437404676370409,0.7857488243851157,0.1287205273810226,0.4395817082567117,4332.226546355195,8192.0078125,680.414937841603,1.8197683284743753,0.0035189248396471726,0.5111562289356716,0.034936827086762406,0.28093276086304125,0.2024861210053125,0.21947327989628962,0.00621387443750915,8192.0,1443.961915704449,3.0763798755528384,0.5197144384119574,1.6908834316360408,0.22070824507443088
123456789,1,False,0.6,0.5560394365826303,0.0010743823121035858,0.4012479062181553,0.0705605377251046,0.7217795770530109,0.056620033382045805,0.41950370236195067,0.06152123691796938,24576.03125,4332.17958618362,1.6681174048609992,0.2840959510638383,1.5383957324053008,0.1974388038663467,0.9224465033196946,0.15188756016749483,0.479546754711326,4332.222255648257,8192.015625,680.4188645083464,1.6681204949871962,0.003224262731297142,0.5243911291729598,0.0423930407818175,0.31440654611439617,0.2157705987378933,0.23942538930515267,0.0074278667136359324,8192.0,1443.937819065417,3.266530580232727,0.5491738108045948,1.9586326264871006,0.2608959215236845
123456789,1,False,0.65,0.5132656613237688,0.0009926345176760778,0.4268963074992998,0.07510065983898445,0.8319191844212414,0.07153570927504219,0.4544640681030979,0.06688447891294776,24576.046875,4332.162937360052,1.5397974849662948,0.25884503337404163,1.6657285828506512,0.21377672084128738,1.0820441481965966,0.1791177467885363,0.5195124854176629,4332.2179648207075,8192.015625,680.4218143781942,1.5398001009078859,0.0029809467672102623,0.5380216966268211,0.049245126435238304,0.34946360943448346,0.2320378711442312,0.2593785290585246,0.00806733142388714,8192.0,1443.909686588245,3.484439201975374,0.5828218012806452,2.263426942052322,0.30762726727914563
123456789,1,False,0.7,0.47660995659418076,0.0009208837254426061,0.4563117397539133,0.0803041321012298,0.9576522933528404,0.0885464197365724,0.48941647993698323,0.07212940513019275,24576.0859375,4332.147679878631,1.4298313112728767,0.23646033487736876,1.8164866052172122,0.23427763680148705,1.2707412504089717,0.21152257758603646,0.5594701710065321,4332.217807015829,8192.0234375,680.4259245395525,1.4298351644287872,0.002767627509449682,0.5531188007229433,0.05585120702402587,0.38690214371522424,0.25201477742373113,0.2793266303994682,0.007974788897440837,8192.0,1443.876423061584,3.738540625201895,0.6219579365692444,2.615295687477035,0.3626832850840132
123456789,1,False,0.75,0.4448357369843028,0.0008597519599183594,0.4895501307605098,0.08618216751018144,1.1008168723290788,0.10796920753686386,0.5243750367104955,0.0772565230740447,24576.0703125,4332.119699945093,1.334507922871633,0.21623195435569806,1.9972796402943185,0.26010736603289514,1.4970452134633239,0.25060937523197946,0.5994318691988341,4332.20800809319,8192.0234375,680.4308697361841,1.3345102156871398,0.0025869103697395333,0.5693728484263667,0.06228397278138626,0.42672505416838785,0.276866393809199,0.29927918205928383,0.006949481392434779,8192.0078125,1443.8379087602664,4.035302881002212,0.6674621862391805,3.0245871399607913,0.4278931478372189
123456789,1,False,0.8,0.41703609261560776,0.0008056826329729982,0.5283419003458074,0.09304224504056444,1.267272851471472,0.1305434760653401,0.5593296690963792,0.08220985067563755,24576.078125,4332.0917489758995,1.2511092745980437,0.19755024438881197,2.2178725365714045,0.29299112883693107,1.7732587496071566,0.29856783467188713,0.6393872321342797,4332.202341891806,8192.0234375,680.4358080427717,1.2511114415582485,0.0024235123194599156,0.5860291948293846,0.06851561694900757,0.4684926130915334,0.30839134045659833,0.3192293884192801,0.004700011631819381,8192.0078125,1443.7892153259506,4.388927432438211,0.7214662510400429,3.5090242141701644,0.5064052530674019
123456789,1,False,0.85,0.3924990021992907,0.0007587924488707625,0.5738277652133351,0.10108348018651467,1.4624494112289084,0.1570147455282071,0.5942960717776923,0.08695708056266278,24576.0703125,4332.055995211846,1.1774975390120408,0.17990703825561236,2.493545640119541,0.33567490265526884,2.118399012092689,0.35880422894748426,0.6793637764464765,4332.19391755356,8192.0234375,680.4421382519251,1.177500615440514,0.0022806700788933674,0.6039632188159314,0.0747887011457824,0.513012465661876,0.3491402092145301,0.3391857289183409,0.0010809994109228058,8192.0,1443.7269972748911,4.818992154575476,0.7868565187002297,4.093860888983474,0.6027029738466162
123456789,1,False,0.9,0.37069387461581743,0.000716014956186804,0.6274619320450484,0.11057690429271477,1.6932627305574592,0.1884163110206735,0.6292541536234141,0.0914468644403483,24576.0703125,4332.015336505978,1.112081144669299,0.16283957833401289,2.8475753274987614,0.3923494994478216,2.5615879629452225,0.4365389919721731,0.7193246304771481,4332.1868731827135,8192.03125,680.4506808687107,1.1120853305654204,0.002157014042254541,0.6216120496007099,0.08091122407790555,0.5590643527412156,0.40343197795996405,0.3591383358057462,0.005929328445664902,8192.0,1443.6488734877526,5.351573173234619,0.8673789632847543,4.813915046243894,0.7230114179732814
123456789,1,False,0.95,0.3511800061988586,0.0006781211661829818,0.6925409088152293,0.12208999006277203,1.9727795432695243,0.22640782285157385,0.6642195776427186,0.09558200258803999,24576.1015625,4331.971586533392,1.053540357305554,0.1458228115404318,3.3151397722681826,0.46942254719034554,3.1480950271401364,0.539980019952248,0.7592893368299632,4332.185336938731,8192.0390625,680.4598511899922,1.053543672107931,0.0020398036343469666,0.641365655496937,0.08739669533724602,0.6088834463984976,0.4770736083995708,0.37909308644416145,0.015954136312296134,8192.0078125,1443.546862444145,6.034128154210804,0.9700681506944252,5.72975801680816,0.878136304241255
123456789,1,False,1.0,0.3336203464241802,0.0006456262549875619,0.7722328444828788,0.13618646400355527,2.3156313844988614,0.27304113732488083,0.6991803750629032,0.09926102645726738,24576.09375,4331.909878827228,1.0008620970037372,0.12831645332061226,3.96871258141671,0.5801365255894151,3.967446370427806,0.6854243865652808,0.7992625056426894,4332.176913195533,8192.03125,680.4693499802786,1.000864243457006,0.0019432427058155954,0.662770789896526,0.09425686032421036,0.6623216335282804,0.5828662611195348,0.3990469185674444,0.03193981889415333,8192.0078125,1443.4024253869118,6.948181904761872,1.1067870091286833,6.945399388454947,1.086825821259544
123456789,1,False,1.05,0.31773526894675536,0.0006168951518815046,0.8737380798721149,0.15414261496964635,2.751137254407686,0.3322708397945724,0.7341357460914817,0.10225883394936895,24576.078125,4331.830533091858,0.9532072384415362,0.10947572793413064,4.94628954979651,0.7497376806237577,5.192594026839936,0.9044791610380273,0.839236589041439,4332.167112089627,8192.0234375,680.482066131398,0.9532094106766731,0.0018613014773320835,0.6860256970042726,0.1016767195054441,0.7198351172770622,0.7450558566347097,0.418998032249403,0.05831371779616604,8192.0,1443.185080413595,8.253529486417126,1.300860080484066,8.663566398524685,1.3856645893996518
123456789,1,False,1.1,0.3032935780236669,0.0005883318797591875,1.0022554898241172,0.17694196816678315,3.306305705277943,0.40826937182751966,0.7690927056057805,0.10440322020437123,24576.078125,4331.732991518931,0.9098810792473334,0.08844293750257728,6.554721606684297,1.0352000993379527,7.210189172221279,1.268709114914859,0.8791879186632678,4332.160069397774,8192.03125,680.5006532790215,0.9098842576457635,0.0017776183603753842,0.7101177105248991,0.10964109605396535,0.7805936937448309,1.0178825688731963,0.43894803954234285,0.10511467083497379,8192.0,1442.8294141225263,10.271605786681548,1.5990129922969933,11.297088571244053,1.8503761616502061
123456789,1,False,1.15,0.2901064525309275,0.0005688104259864591,1.177824622951321,0.2081089235192464,4.062421086507373,0.5118366578333264,0.8040545707123304,0.10507408182907392,24576.0703125,4331.599315024743,0.8703218336505251,0.0632182357900725,9.784862302919331,1.63271300104385,11.256134654870799,2.0207140183375163,0.9191539345597224,4332.15164691552,8192.015625,680.5216480527108,0.8703233670720857,0.0017358792000165962,0.737202667069078,0.1188598673316309,0.8472290823176146,1.575549000107284,0.4589025903639593,0.2069249021118593,8192.0,1442.1161914865654,14.055538838842367,2.162665999993669,16.165784823695788,2.73337789013924
123456789,1,False,1.2,0.2780185708184779,0.0005406285102962023,1.4320069143101253,0.25363316979724676,5.155130158579586,0.6637413111597774,0.8390133285134933,0.10321360332954187,24576.1015625,4331.415852119631,0.8340588465694517,0.03007087407634309,19.36633767562932,3.64074708511407,23.283627172305273,4.5388593484191455,0.9591102447556705,4332.150112151614,8192.03125,680.556852026198,0.8340621155472117,0.0016845349507278776,0.7641297593413829,0.1294638263895467,0.9163731777340874,3.2523977441250187,0.4788579477185872,0.5573849028533497,8192.0,1439.9959679774302,24.4264881779011,3.8714260092236565,29.355130508618938,5.399220135378763
123456789,2,True,0.5,0.6672424021713314,0.001289115034731196,0.39953913555363674,0.07021799813366415,0.5989184036628138,0.03525646431657586,0.3745837562948837,0.05366199392629875,24576.015625,4332.198498264647,2.0017269064844925,0.3466745574934044,0.5002898011041913,0.022209221636341953,0.24997022850573516,0.03461936290058324,0.19980984636700627,4332.268813768166,8192.0078125,680.41416647933,2.0017265223885854,0.00386673905748805,1.0735620432759538,0.12821097424608982,0.5364110649180895,0.006877191276762624,0.3491653335306502,0.057643600000297654,8192.0078125,1444.0577426806124,2.7724692510410556,0.48268412779329073,1.3852996970866382,0.2090461428152839
123456789,2,True,0.55,0.6065790029458223,0.0011713117727424722,0.4246983504859439,0.0746782353599449,0.7003128021032082,0.048713726235351106,0.41204563525295806,0.0594802984611037,24576.0390625,4332.184765713557,1.8197367386731451,0.3122189328427221,0.5132168014239159,0.017908785873695918,0.28207566226009534,0.03925656795099977,0.21979285451441496,4332.269422732184,8192.015625,680.4179782118777,1.819739859445569,0.0035134704431471187,1.1340694862744372,0.14496364818919313,0.6233177071531378,0.01967721711298534,0.38408505479184124,0.06455799268586085,8192.0,1444.0507061286326,2.921381339156185,0.5081331600167173,1.6057061715164425,0.24439890524638327
123456789,2,True,0.6,0.5560379625806613,0.0010731735555174822,0.45337816080895693,0.07975620333256042,0.8155691234516482,0.063999054603954,0.4494984464818196,0.06518812117054504,24576.0546875,4332.167218884533,1.6681145498421928,0.2827946970921342,0.5268501920149724,0.013749134128364754,0.31589035688050715,0.044214800378032576,0.23977164396189543,4332.268655238393,8192.015625,680.4210963740693,1.6681162469000361,0.0032236005614066985,1.2017270921862027,0.1620959981403381,0.720551598182204,0.03438856014561479,0.41899647018347075,0.07144609128685322,8192.0078125,1444.0461231711104,3.088711766628046,0.5367767305242307,1.8520110785143598,0.28432444698319814
123456789,2,True,0.65,0.513271376288726,0.0009905413241530585,0.4865940086675747,0.08563370337450397,0.9482698592491574,0.0815752727770432,0.48695154774392463,0.07075508740107284,24576.0546875,4332.143838322381,1.5398118754618744,0.2570777630397904,0.5411667074943957,0.009744557720022723,0.35151137728254167,0.049516549938215235,0.25975042082071864,4332.265133343847,8192.03125,680.4280058656218,1.5398179394225406,0.002978080252851567,1.2790216663708154,0.18028320496452216,0.8308075225958387,0.05131924957926286,0.45390854958180193,0.07830699066581687,8192.0,1444.0384677258462,3.279970399867934,0.5695875197865484,2.130588759127537,0.32995086773646387
123456789,2,True,0.7,0.4766099086662431,0.0009188513864376212,0.5246070426428373,0.09235647847025145,1.1010044365285883,0.10184571920970226,0.5244082593126936,0.0761736910287101,24576.0546875,4332.116932211399,1.429827328257129,0.23411517304925214,0.556166697851567,0.005966586295720294,0.3890439579923325,0.05518228377976144,0.2797313520309343,4332.261611069527,8192.03125,680.4327763953262,1.4298320620009402,0.002765203092611956,1.3659913976444031,0.19968591044951844,0.9555643252451618,0.07068914451336487,0.4888246916334841,0.08512866316463147,8192.0078125,1444.033228868353,3.4959792234244826,0.6066958346768264,2.4456127197660824,0.3820050272864749
123456789,2,True,0.75,0.4448406233904175,0.0008587527635556686,0.5694304300779164,0.10028277008178445,1.280456659315261,0.1256543861976429,0.561859982589255,0.08137930577307192,24576.0546875,4332.08532192655,1.334519631730726,0.21311646870125883,0.5718655437702068,0.0028318928937227806,0.42859527569939515,0.06124163057517472,0.29970997596930954,4332.25808920194,8192.03125,680.4384036576463,1.3345252213632735,0.0025828166889907077,1.4657516805616502,0.22100307143858366,1.0985900185202422,0.09317100418659027,0.5237341447177094,0.09183578510964979,8192.0,1444.0248809195114,3.7459085145656066,0.6497294993365869,2.807641953534898,0.44236644797986807
123456789,2,True,0.8,0.4170337604648015,0.0008041555721496018,0.6220724641641302,0.10958787176035859,1.4921361064592191,0.15377815814005,0.5993231377805395,0.0863438860704182,24576.0625,4332.049434471471,1.2510996390401334,0.19345281308813095,0.5886959871105034,0.0030297926322150827,0.47063099471876246,0.0677825166735939,0.31969246954223585,4332.255943853694,8192.03125,680.4448209417159,1.2511048278470975,0.0024189442026786735,1.5811567440275052,0.2448655329095645,1.2641276920703517,0.11946015794646551,0.5586569614802411,0.0979578202434352,8192.0,1444.017473982112,4.0360701236304,0.6997890943908993,3.2268947932483334,0.5128412828811391
123456789,2,True,0.85,0.3925027418654593,0.0007559982572017618,0.6861108372640367,0.12090802427349169,1.7486444225566304,0.1878357511307707,0.636780138478015,0.09095221636498328,24576.0703125,4332.005634080046,1.1775071055524817,0.17447576099489345,0.6066495588618659,0.005872842187805183,0.5152951714208821,0.07484837986011711,0.3396744313295671,4332.253798599193,8192.03125,680.4526242102013,1.1775108953371678,0.00227555129839497,1.7175976146943104,0.27233331923468573,1.459078344069892,0.15076954838768047,0.5935722609965867,0.10361230436915024,8192.0078125,1444.0109771135096,4.382579685348285,0.7597128521060929,3.7230179380474038,0.5969037370721902
123456789,2,True,0.9,0.3706941002473588,0.0007141036988439995,0.7646398430237206,0.13479968909279816,2.0635039583779884,0.22971892909100525,0.6742431410983887,0.09510837964679246,24576.0703125,4331.950158269672,1.1120813582899511,0.15555918184831108,0.6261128273106827,0.008896655018003949,0.5631163010134271,0.08255177883120896,0.359658425567544,4332.250275784922,8192.03125,680.4625006238891,1.1120848838405217,0.002150447474823999,1.879694303955688,0.3043152807507228,1.6907720837082572,0.18830083267384579,0.6284952203573907,0.1092363050187257,8192.0078125,1444.0025518267717,4.799726660337534,0.8320155227693847,4.317392343099672,0.6983438679714444
123456789,2,True,0.95,0.3511827388849393,0.0006760214369847734,0.8642733215849508,0.15243778544985515,2.4620598174292496,0.2827772150122732,0.7117032538284304,0.09860370187290575,24576.078125,4331.8813298715395,1.0535466382110448,0.13588774015058916,0.6462514023262645,0.011908125165749404,0.6135262261001057,0.0908321501162213,0.3796413276455046,4332.2481303646655,8192.0390625,680.4761064330743,1.0535510738588743,0.0020371814790326346,2.072674891587424,0.3418984118886993,1.9679945371750625,0.2337781165740981,0.6634110229170858,0.11486116097745708,8192.0078125,1443.993665979393,5.311746258668539,0.9210013658082263,5.043580580704418,0.8231086816912926
123456789,2,True,1.0,0.33362073447424945,0.0006433303621517958,0.9933138662996615,0.17530266093291955,2.9787874239633423,0.3517274472177257,0.7491677608812046,0.10117861779585972,24576.1015625,4331.794423500643,1.0008593692425238,0.11444629313214615,0.6677075426993826,0.01468537715381919,0.6672673630184359,0.09985779914237343,0.3996284470702363,4332.248738603946,8192.0546875,680.4943020972074,1.0008650260616896,0.001940548648092463,2.3090170079645755,0.38750103240188283,2.307868280419386,0.2901607706641661,0.6983375672192769,0.12052927217267864,8192.015625,1443.985570856123,5.956666149562942,1.033402724833531,5.953923067401164,0.9805056966415505
123456789,2,True,1.05,0.317735004507202,0.000612567683747172,1.1652115499712603,0.20581603929189285,3.6692295948148184,0.4442460397607365,0.7866237708823195,0.1024039611452266,24576.109375,4331.674268989849,0.9532010483927842,0.08973823536182172,0.690811459012824,0.017196783501476274,0.7248711828645762,0.10980258389704949,0.4196079429175265,4332.246593784148,8192.0703125,680.5186288385771,0.9532082479814,0.0018521155876218504,2.602635280777938,0.4438490430790752,2.731503188268491,0.36114204998074423,0.7332547133789077,0.12624251966737843,8192.015625,1443.9754286252232,6.789081389704542,1.1789061194577528,7.125603965947889,1.1842786118174142
123456789,2,True,1.1,0.30329841408449343,0.0005841864259391793,1.4099646784278683,0.24937061201054941,4.651735150548963,0.5764798913090894,0.824065917423652,0.10132840522920132,24576.109375,4331.501244419231,0.90989076773834,0.058800327449397956,0.7149485767860402,0.019567110049890833,0.785911901887508,0.12076687375119977,0.43958022455774304,4332.243073034597,8192.078125,680.5508539668332,0.9098975504885622,0.0017683122962204418,2.986409304235489,0.5174481852225445,3.2836792855699586,0.45500265984992855,0.7681568990166137,0.1319780078859434,8192.0234375,1443.9660465492248,7.931251916305132,1.3794269418257883,8.721326338006428,1.463621184675411
123456789,2,True,1.15,0.2901092492853218,0.0005592165386757446,1.786590327515588,0.3168412815717503,6.163405092560187,0.7823462725811903,0.8615306421819736,0.09604200398447651,24576.140625,4331.24059150751,0.8703239279603139,0.015599119883377458,0.7410784246765396,0.021561816927876416,0.8516831745999179,0.1333020569720789,0.45956676076415204,4332.245058578177,8192.0859375,680.5990531585577,0.8703285580290162,0.0016932741196282314,3.512755715327481,0.6188849243508134,4.038365122194881,0.5850444754832678,0.8030778061730109,0.1377830554459185,8192.046875,1443.9586128611522,9.61360512255078,1.6766698255653647,11.05345338935498,1.8752060404094544
123456789,2,True,1.2,0.2780229719198014,0.0005349763572453704,2.439672627600072,0.4354557718617561,8.78471923183444,1.1478243806799646,0.8989821756494848,0.08174081998375594,24576.1171875,4330.77515341386,0.8340651374806292,0.05533335162498661,0.7681376444444586,0.023418776760016097,0.9211671705809008,0.1480853058858629,0.47954010838465,4332.237406036249,8192.0859375,680.683459051355,0.8340733988083763,0.0016301831773578802,4.277126065835725,0.7488261853242743,5.131496643089388,0.7762427055435546,0.8379912249918186,0.14361102093098438,8192.0078125,1443.9395321693844,12.364281593080408,2.167877874776081,14.837383045504733,2.550889702303272
123456789,2,False,0.5,0.6672483052370155,0.001288731792647974,0.39941927776337316,0.07019640217250013,0.5987321536635262,0.03524168115590102,0.37458028254754844,0.05366519245850933,24576.0390625,4332.202674045006,2.0017462788226505,0.3466805224715409,1.3345156504819293,0.16934127869346616,0.6668134580420049,0.10815328403447329,0.39961920164170506,4332.237722621844,8192.0078125,680.4134321493972,2.0017482050707756,0.0038681686598956815,1.0737094217379826,0.1282303366035236,0.5364844135631527,0.14070173409374895,0.3491630795959979,0.031712421961780826,8192.0,1443.9828823481412,3.6064829055100316,0.6167776764596842,1.8020300252686845,0.24732999727611382
123456789,2,False,0.55,0.6065910607490257,0.0011724020594625247,0.424788033766703,0.07469216159432877,0.7004427699200088,0.04871186633537657,0.4120377849243389,0.05947647432467692,24576.0390625,4332.184758661913,1.819772760109198,0.31222561892833867,1.429716128357994,0.17955773700353614,0.7858282130870519,0.12813376067822446,0.43958258278858925,4332.230677805493,8192.015625,680.4179987223456,1.8197744743854956,0.003519685293580703,1.134688260823562,0.14506701012287992,0.6236502703185738,0.14213087801371763,0.384078799501252,0.036067311731534664,8192.0078125,1443.9632801714806,3.838768490481666,0.6542271732653432,2.1099212533256337,0.2945942166133411
123456789,2,False,0.6,0.5560428358379547,0.0010746840900487291,0.45344213129953914,0.07976459754497872,0.8156674638044669,0.06399049844141717,0.44949455230073426,0.06518597902669833,24576.046875,4332.165845841724,1.6681290074914865,0.28279887250189883,1.5386004932975585,0.19219166755264946,0.9225627190489898,0.15126162752021918,0.47954521762572716,4332.225010322196,8192.015625,680.4213605381854,1.6681320189269868,0.0032298117553507485,1.2020899429412135,0.16215221882206698,0.7207615798264746,0.14422487966373912,0.41899306406270825,0.03999598061720169,8192.0,1443.9377995875077,4.101016830137389,0.6964045560581283,2.4589917626799314,0.3491219257329115
123456789,2,False,0.65,0.5132740725463841,0.0009915266842243794,0.48626458047150495,0.08557122056512914,0.9476085787861132,0.08149415925391124,0.48694886561557266,0.07076564679535863,24576.0546875,4332.143985940524,1.5398233179143244,0.257094189003472,1.6657523637349554,0.20806119522183864,1.0820401732163374,0.17843319282462528,0.519506603677817,4332.219343059039,8192.015625,680.425256855937,1.5398259290361924,0.0029796838887006048,1.2772008967033457,0.17993273334880522,0.8296086281344106,0.14747147174355069,0.45390627470915296,0.043354254087168614,8192.0,1443.9096874571,4.401747001852817,0.7446674484820737,2.8592573801368615,0.41269055120218606
123456789,2,False,0.7,0.47661138585736296,0.0009199942067482605,0.5246637317139656,0.09235950688615727,1.1011091707902885,0.10182277989888482,0.5244064667763878,0.07617286174297241,24576.09375,4332.123829576855,1.4298345053581676,0.23412061161759098,1.8166103395496418,0.2281446904329517,1.2708216806449615,0.2108264873544638,0.5594662617842489,4332.219184906441,8192.03125,680.4315733603673,1.4298384889462574,0.002764427101074694,1.3631463086342137,0.19915425810505896,0.9535614012962581,0.15225001329345358,0.48882192374923933,0.04597041259553919,8192.0078125,1443.8777865043799,4.753747843325751,0.8010734973243934,3.3254922527315065,0.48792007500746043
123456789,2,False,0.75,0.44483168219579755,0.0008592879033091697,0.5691120819366657,0.100220942275395,1.2797726596236216,0.12556861832651123,0.5618711866503946,0.08139220564974024,24576.09375,4332.092382317239,1.3344967716106326,0.21312768628030973,1.9970833905029723,0.2534755561665985,1.4969137714628031,0.2498591945705127,0.5994353296124421,4332.212139087644,8192.0234375,680.4358255557562,1.3344991876423464,0.002583783830773564,1.4652474137437819,0.22090377076438364,1.0982385821954228,0.15863176181405927,0.523745619851195,0.047663413273463094,8192.0078125,1443.837932771828,5.169667050056754,0.867621385946831,3.874925013281848,0.5778730137177537
123456789,2,False,0.8,0.4170283413949231,0.0008058111667679008,0.6220982035805388,0.10958606077561855,1.4922338676768192,0.1537706243692189,0.5993311292190584,0.08634567275534341,24576.0859375,4332.053582202591,1.2510863486439314,0.1934519786792124,2.217686106646374,0.28591967634528437,1.773151389291215,0.29782136996377956,0.6394030771109857,4332.203716300113,8192.0234375,680.4427041969146,1.2510898968659352,0.002426246675508292,1.5826829999744763,0.24513004437959354,1.2653916655154382,0.16815444227113935,0.5586644473007016,0.0481021555561757,8192.0,1443.7878638609413,5.666663717362468,0.946927338838174,4.530776922483473,0.6866431403368438
123456789,2,False,0.85,0.39249886297211073,0.0007584028487234868,0.6869121586814207,0.12104704752268518,1.7507315068286182,0.18806327154716188,0.6367870390380022,0.09092900440261613,24576.078125,4332.006674605948,1.1774951369627913,0.17443373446253804,2.493590384575189,0.3282018877720018,2.1184449409413526,0.35810737646637747,0.679366013234278,4332.195294360742,8192.0390625,680.4537553569534,1.1774995332577978,0.002281340779896382,1.7203294514915306,0.2728251001174824,1.4614348197505194,0.18237397273941738,0.59357723310742,0.046806569986757036,8192.0078125,1443.728372012618,6.274656312110981,1.0437219796900492,5.330611267520488,0.8209069538687673
123456789,2,False,0.9,0.3706914744531297,0.0007158043297992948,0.7653496102670282,0.13493396212373068,2.065468150597179,0.22999007450100423,0.6742483464980792,0.0950857170568999,24576.0859375,4331.952611863296,1.1120736155330815,0.15551021235673326,2.8486813601114434,0.38463150241335164,2.5626030617744258,0.4360729229564631,0.7193349280801717,4332.189625770408,8192.0390625,680.4633405734205,1.112078891820766,0.002157755947911967,1.8766814281349111,0.3038039344444226,1.6881047358419712,0.20517827321745433,0.6284972001910603,0.043020420136003074,8192.0,1443.64869908485,7.021411619047441,1.162015316159851,6.316175948213572,0.9881002610745584
123456789,2,False,0.95,0.3511800894281793,0.0006790426484352396,0.8637055083575624,0.1523454106023262,2.460495624058691,0.28264755545439146,0.7117095539418122,0.09862126228921665,24576.109375,4331.887208436439,1.0535408618274376,0.13590992506156832,3.3172736006506356,0.46147426088674787,3.150136884397688,0.5398167957540198,0.7592969501122541,4332.186712798136,8192.0390625,680.4749627611633,1.0535455818172659,0.0020484568337329886,2.0680245963285633,0.3410790193404098,1.9635929317082765,0.23939160348149713,0.6634193533180799,0.035641426316817604,8192.0,1443.545131607825,7.9764147220518895,1.312679139565881,7.574225440164656,1.2035885079759687
123456789,2,False,1.0,0.33362178759248806,0.0006466566717697802,0.991046432108749,0.1748959770030423,2.972014246933753,0.3509170010921825,0.7491666437055793,0.10125029043281691,24576.1015625,4331.795829506601,1.0008656350353822,0.11459075700945824,3.9696196132525663,0.5715505690082604,3.9683409748338923,0.6852420103206266,0.799264673811789,4332.178290014812,8192.0390625,680.4912185351217,1.0008690862409118,0.0019504736115467376,2.3008949860350216,0.3860605695428814,2.2997579150523797,0.2953960739152402,0.6983351745895751,0.022424597708742014,8192.0078125,1443.4022755896933,9.24365389561383,1.5116571482197427,9.240113136820028,1.4917154912193693
123456789,2,False,1.05,0.31773889513780434,0.0006157829928797505,1.1638823009172043,0.2055572481106826,3.665158397344986,0.4436909591686615,0.7866158391555469,0.10244839331971749,24576.0859375,4331.671170426539,0.9532175973080129,0.08983963611404337,4.942260685382389,0.7398046487407655,5.188257515780001,0.9036153223735329,0.8392170379685845,4332.168492737614,8192.03125,680.5120759916744,0.9532200054166191,0.001864357668727051,2.604163166797001,0.44413033916372713,2.733077813725095,0.39077084045522414,0.733244086690915,0.0022438152458931384,8192.0078125,1443.1872324079825,11.038070754930999,1.7921041004639802,11.586493726850073,1.9014688713745869
123456789,2,False,1.1,0.3032930970270489,0.0005878769330259277,1.4047405973216263,0.24836749432005878,4.63470756867642,0.5740312270579239,0.8240819300308867,0.10150829600184053,24576.1015625,4331.5034075890335,0.909880787614196,0.059230948608738905,6.561208690726989,1.0270682912806042,7.217373816865951,1.2707552802553022,0.8791920536717523,4332.164200273312,8192.03125,680.5420115760787,0.90988391471074,0.0017812323360354048,2.996370468615363,0.5191106846191629,3.294615342424478,0.5775267659855718,0.7681670172640442,0.04568399833561086,8192.0,1442.8281748592271,13.771800951307227,2.2159985084208476,15.146696727966846,2.529930424817598
123456789,2,False,1.15,0.29010788538570853,0.0005646586574018358,1.784488529513843,0.3162631858375784,6.156369894122343,0.7805015829928407,0.8615368473702222,0.09614543089807673,24576.1171875,4331.239035855306,0.8703264113998269,0.01592809797721707,9.789491785254418,1.6227178823390354,11.261476871252146,2.022156739358254,0.9191660246123704,4332.159907993185,8192.03125,680.5890570248458,0.8703285724761233,0.0017263686735990392,3.528375147283285,0.6212447001510285,4.056452614637209,1.0125727030028322,0.8030858253577514,0.14450142922266276,8192.0078125,1442.1166495945502,18.671332521079222,2.972400950039379,21.474299380011697,3.6671325271707254
123456789,2,False,1.2,0.27802394580943923,0.0005353383535683106,2.446227363259214,0.43774958247399887,8.810437415968982,1.1576781437158838,0.8989805156662665,0.08133681507069881,24576.1171875,4330.775515559096,0.8340777572902476,0.05706979815175749,19.332074795223363,3.6201564034054368,23.24235224755356,4.529202872965158,0.9590941643912643,4332.152869389262,8192.03125,680.673767319445,0.8340782037443394,0.0016755380214425618,4.298272255022506,0.7521246342266993,5.157268423016286,2.5009353516926036,0.8379916950380668,0.49044993375271767,8192.0078125,1440.0047403071385,30.969029140023515,4.975017034961703,37.21005808653882,6.743675615818442
